,type,sum_sse,purity
0,Kmean_normal,356.57786846369675,0.5859449192782527
1,Kmean_three_level,140.94366985853594,0.8072174738841407
2,dbscan,763.8210831072204,0.5859449192782527
