,type,sum_sse,purity
0,Kmean_normal,356.5778685,0.585944919
1,Kmean_three_level,140.9436699,0.807217474
2,DBSCAN_3,715.9562645,0.095916429
3,DBSCAN_5,763.7182271,0.054131054
