Unnamed: 0,type,sum_sse,purity,mse
0,Kmean_normal,356.5778685,0.585944919,3.714352796496839
1,Kmean_three_level,140.9436699,0.807217474,1.4681632276930825
2,DBSCAN_3,715.9562645,0.095916429,7.457877755459317
3,DBSCAN_5,763.7182271,0.054131054,7.955398198576447
