,type,sum_sse,purity
0,Kmean_normal,1146.682932,0.873041382
1,Kmean_three_level,493.2257235,0.924869425
2,DBSCAN_3,3207.745742,0.780233025
3,DBSCAN_5,3509.330019,0.761550824
