Unnamed: 0,type,sum_sse,purity,mse
0,Kmean_normal,85.58112448,0.6333,7.1318
1,Kmean_three_level,32.37636705,0.86,2.6980
2,DBSCAN_3,116.5258893,0.293333333,9.7105
3,DBSCAN_5,116.5258893,0.293333333,9.7105