Unnamed: 0,type,sum_sse,purity,mse
0,Kmean_normal,356.5778685,0.585944919,3.7144
1,Kmean_three_level,140.9436699,0.807217474,1.4682
2,DBSCAN_3,715.9562645,0.095916429,7.4579
3,DBSCAN_5,763.7182271,0.054131054,7.9554