Unnamed: 0,type,sum_sse,purity,mse
0,Kmean_normal,1146.682932,0.873041382,2.349760107055567
1,Kmean_three_level,493.2257235,0.924869425,1.0107084498477685
2,DBSCAN_3,3207.745742,0.780233025,6.57324946987705
3,DBSCAN_5,3509.330019,0.761550824,7.191250039748697
