,type,sum_sse,purity
0,Kmean_normal,1146.6829322431163,0.873041382081157
1,Kmean_three_level,493.2257235257107,0.9248694254720771
2,dbscan,3508.5970260850727,0.873041382081157
