,type,sum_sse,purity
0,Kmean_normal,85.58112448132071,0.5800000000000001
1,Kmean_three_level,32.37636704972113,0.8600000000000002
2,dbscan,116.52588929842511,0.5800000000000001
