,centroids_id,number,sse,purity
0,0,3,0.42950160378599933,0.8200000000000001
1,-1,147,-1.0,0.8200000000000001
