,centroids_id,number,sse,purity
0,0,36,1.3950546329962938e-31,0.05413105413105414
1,1,5,2.1428086521139482e-33,0.05413105413105414
2,2,6,3.7306417358233266e-32,0.05413105413105414
3,3,5,2.645391261808017e-33,0.05413105413105414
4,4,6,1.575796609304134e-32,0.05413105413105414
5,5,5,2.2635554318304133e-32,0.05413105413105414
6,6,5,6.0655508502430035e-34,0.05413105413105414
7,-1,985,763.7182270633389,0.05413105413105414
