,centroids_id,number,sse,purity
0,-1,150,116.52588929842511,0.5800000000000001
