,centroids_id,number,sse,purity
0,0,36,1.0239999761902415e-31,0.5859449192782527
1,1,5,9.581630777705089e-33,0.5859449192782527
2,2,6,1.0236036711268314e-31,0.5859449192782527
3,3,5,9.709583337792095e-33,0.5859449192782527
4,4,6,1.416552977345414e-32,0.5859449192782527
5,5,5,5.5569144446422004e-33,0.5859449192782527
6,6,5,2.426455438967366e-33,0.5859449192782527
7,-1,985,763.8210831072204,0.5859449192782527
