,type,sum_sse,purity
0,Kmean_normal,821.5284014872682,0.9333065488147851
1,Kmean_three_level,514.1776874643105,0.9531940538368824
2,dbscan,-1.0,0.9333065488147851
