,type,sum_sse,purity
0,Kmean_normal,333.0313295385596,0.7132003798670467
1,Kmean_three_level,211.65679206231056,0.7815764482431151
2,dbscan,-0.942283713988851,0.7132003798670467
