,type,sum_sse,purity
0,Kmean_normal,69.01737891423117,0.8200000000000001
1,Kmean_three_level,47.23859477787687,0.8933333333333335
2,dbscan,-0.5704983962140007,0.8200000000000001
