,type,sum_sse
0,Kmean_normal,106.02498686783692
1,Kmean_three_level,63.344181974257445
2,dbscan,-1.0
