type,number,sum_sse
Kmean_normal,44,118.86813778181039
Kmean_three_level,146,34.47783185165194
dbscan(minPts = 3),47,171.8013256677489
dbscan(minPts = 5),47,243.99199044538813
