type,number,sum_sse
Kmean_normal,11,64.60822238700568
Kmean_three_level,53,16.32516429461249
dbscan,4,99.99701257764953
