type,number,sum_sse,mse
Kmean_normal,56,25.52461219060639,0.45579664626082844
Kmean_three_level,152,5.770103982557568,0.037961210411562925
dbscan(minPts = 3),11,369.2888200662339,33.57171091511216
dbscan(minPts = 5),11,374.88198883827306,41.65355431536368
