centroids_id,number,sse
0,18,7.240240682555855
1,10,1.5969796052531272e-32
2,5,1.942915210713729
3,20,17.156353884001373
4,11,6.375931375365124
5,20,12.634296194595226
6,14,6.028232114367737
7,9,3.1434151644530632
8,14,6.546085232182236
9,4,0.0
10,7,3.5407525287713306
