centroids_id,number,sse
0,500,358.9488191265686
1,14,0.3905388634092011
2,6,2.727297357184612e-32
3,30,1.7992244659734258
4,13,1.5600078842119671
5,8,0.2624878132436277
6,8,4.223673453916965e-32
7,7,4.979695878257784e-32
-1,18,11.920910684866236
