centroids_id,number,sse
0,500,358.9488191265686
1,14,0.3905388634092011
2,6,2.727297357184612e-32
3,4,0.0
4,4,0.0
5,30,1.7992244659734258
6,13,1.5600078842119671
7,8,0.2624878132436277
8,8,4.223673453916965e-32
9,7,4.979695878257784e-32
-1,10,6.3277419128270465
