centroids_id,number,sse
0,10,0.0
1,3,0.0
2,3,0.0
3,5,6.162975822039155e-32
4,4,0.0
5,3,0.0
-1,68,63.71014821896473
