centroids_id,number,sse
0,10,0.0
1,9,1.1093356479670479e-31
2,6,0.0
-1,107,99.99701257764953
