centroids_id,number,sse
0,17,13.618180901331746
1,12,6.584456949908194
2,17,5.9644152147183
3,10,1.5969796052531272e-32
4,13,6.100498595913039
5,14,6.028232114367737
6,6,3.3427639439070465
7,15,10.179269372944422
8,8,4.1800559932660075
9,9,3.715902864944381
10,6,2.4691259917982467
11,5,1.7509663194111043
