centroids_id,number,sse
0,10,0.0
1,3,9.244463733058732e-33
2,3,0.09260134519532488
3,3,0.0
4,4,0.0
5,9,1.1093356479670479e-31
6,4,0.0
7,3,9.244463733058732e-33
8,6,0.0
-1,87,81.6540052998176
